1,Playstation 5 Pack God Of Wars,3,5199.99
2,Smart TV 4k QLED,2,4999.99
3,X-Box Series SXPack Doom/Forsa and 3 months of Game Pass,3,4250.99
4,X-Box Series X Pack Doom and Forsa,3,4199.99
5,Playstation 5,3,4199.99
6,X-Box Series X Pack Fifa,3,4099.99
7,X-Box Series X,3,3999.99
8,Playstation 4 Pro,3,3999.99
9,Smart TV 4k,2,2799.99
10,Playstation 4 Pack God Of Wars,3,2259.99
11,X-Box Series S Pack Doom/Forsa and 3 months of Game Pass,3,2250.99
12,X-Box Series S Pack Doom and Forsa,3,2199.99
13,X-Box Series S Pack Fifa,3,2099.99
14,Mesa Gamer,7,2099.99
15,X-Box Series S,3,1999.99
16,Playstation 4,3,1999.99
17,Cadeira Gamer,7,1899.99
18,Smart TV Full HD,2,1799.99
19,Playstation 3,3,1000.99
20,X-Box One S,3,999.99
21,X-Box One,3,899.99
22,Monitor 4k Widescreen Curvo,1,699.99
23,Monitor 4k,1,599.99
24,X-Box Series Controle sem fio,4,599.99
25,Playstation 2,3,599.99
26,Controle Playstation 5 sem fio,4,599.99
27,HD External 4 Tb,6,599.99
28,Monitor Widescreen Curvo,1,499.99
29,X-Box 360,3,499.99
30,HD External 2 Tb,6,499.99
31,SDD 1 Tb,6,499.99
32,HD External 1 Tb,6,399.99
33,SDD 500 Gb,6,399.99
34,Hirizon 2 Playstation 5,8,399.99
35,God Of War 5 Playstation ,8,359.99
36,FiFa 17,8,359.99
37,Forsa 6 series X,8,359.99
38,X-Box Series Controle com fio,4,299.99
39,HD External 500 Gb,6,299.99
40,Controle Playstation 4 sem fio,4,259.99
41,Handset X-Box Profesional,5,259.99
42,God Of War 5,8,259.99
43,Gears of War 6 Series S,8,259.99
44,FiFa 16,8,259.99
45,Forsa 6,8,259.99
46,Monitor Full HD,1,199.99
47,X-Box One Controle sem fio,4,199.99
48,Controle Playstation 4,4,199.99
49,Forsa 5,8,199.99
50,Hirizon 2,8,199.99
51,Controle Playstation 3,4,159.99
52,Luminaria God of Wars,7,159.99
53,God Of War 4,8,159.99
54,Gears of War 6,8,159.99
55,FiFa 15,8,159.99
56,Forsa 4,8,159.99
57,Doom Eternal,8,159.99
58,Quacke,8,159.99
59,Forsa 3,8,119.99
60,FiFa 14,8,99.99
61,Forsa 2,8,99.99
62,Hirizon 1,8,99.99
63,Handset sterio,5,89.99
64,FiFa 13,8,89.99
65,X-Box One Controle com fio,4,79.99
66,God Of War 3,8,79.99
67,FiFa 12,8,79.99
68,Forsa 1,8,79.99
69,X-Box 360 Controle sem fio,4,75.25
70,FiFa 11,8,69.99
71,Doom 3,8,69.99
72,Gears of War 5,8,59.99
73,FiFa 10,8,59.99
74,X-Box 360 Controle com fio,4,49.99
75,Controle Playstation 2,4,49.99
76,Handset mono,5,49.99
77,God Of War 2,8,49.99
78,Gears of War 4,8,49.99
79,God Of War 1,8,39.99
80,Gears of War 3,8,39.99
81,Gears of War 2,8,29.99
82,Gears of War 1,8,19.99
83,Doom 1,8,15.99
84,Doom 2,8,15.99
85,Canelone,8,53.99